"file","captured_file_time","bytes","sha256","hierarchy"
"accounts_dashboard_dark.png","2026-10-03T09:14:36.3819949-05:00","252763","159240E1500BBE7D702AD6C19A78F6DEA50B55A1B305EC54AAB725BBFE2A5250","accounts_dashboard_dark.xml"
"accounts_dashboard_dark_scrolled.png","2026-10-03T09:14:40.8838666-05:00","239826","55E0E402C6110A9777A2BC840D4716599373A1A4284C749A75060E654B742A8F","accounts_dashboard_dark_scrolled.xml"
"accounts_dashboard_light.png","2026-10-03T09:17:49.3349415-05:00","250669","477B18E51F45742D2C029B20ACB827C5B5E4310E5A3F9C261AC1CC4096B75B15","accounts_dashboard_light.xml"
"advanced_filters_free_bottom.png","2026-10-03T09:12:31.6852550-05:00","113313","61963FAE66BDE2559CC37568C33EE1C825D7A47F3937E9291629D714D8A29E6B","advanced_filters_free_bottom.xml"
"advanced_filters_free_expanded.png","2026-10-03T09:12:22.9899592-05:00","161733","69652F482C4818177431042C26B424DDB92ADE9370BB49E819FCB8420F4A65E7","advanced_filters_free_expanded.xml"
"advanced_filters_free_middle.png","2026-10-03T09:12:27.3540196-05:00","111405","E123BF815B307FA9031D20DC5BC892004D540FA96260109DC4BF9862468A50EA","advanced_filters_free_middle.xml"
"advanced_filters_free_top.png","2026-10-03T09:12:07.8549124-05:00","195366","3FEB4707B6E2DB4738AAD528E0D62A291CBDD784CCA6BEB30B32978225324228","advanced_filters_free_top.xml"
"advanced_filters_initial_scrolled.png","2026-10-03T09:10:57.5344028-05:00","111657","6BA5DEC49A93A63D93E733FB7C8D6AAC424608F0C1C990DCB8CF2F8B60FE7476","advanced_filters_initial_scrolled.xml"
"advanced_filters_light.png","2026-10-03T09:17:57.9639829-05:00","183727","A064F0A8B09BC7C45FE00B3F12206BBAC179D8C848318A7FE5DD653644CD4BC7","advanced_filters_light.xml"
"bank_account_detail.png","2026-10-03T09:29:30.3369476-05:00","171695","7038B8E9D29E71F3EB5695D3114D17A3F9F22C21898173903511E8A02045FCB6","bank_account_detail.xml"
"card_rates_catalog.png","2026-10-03T09:15:44.6391848-05:00","249295","30258C25C9D75FBDDF4BD16B0708D34C79C6E5FC93BBA0F0D8FE28BF714734E4","card_rates_catalog.xml"
"cold_launch_authenticated.png","2026-10-03T09:21:26.0351966-05:00","156929","A3E4E49BFF740E98069ED27373F0278946C5CA412AC45F6D765B321BC6D75E30","cold_launch_authenticated.xml"
"credit_card_detail_dark.png","2026-10-03T09:15:22.6247942-05:00","302513","979AA706D67F7291A171E4D428FC92EF1232EEF86774D56E532705EF1FA441D7","credit_card_detail_dark.xml"
"dashboard_analysis_noop.png","2026-10-03T09:29:26.3855816-05:00","252849","4BF70BFEF769F67AF87D7450438BD02C58B683D72E1EEFB653C0841CA5C947E1","dashboard_analysis_noop.xml"
"dashboard_bottom_nav_accounts.png","2026-10-03T09:14:56.2937686-05:00","239826","55E0E402C6110A9777A2BC840D4716599373A1A4284C749A75060E654B742A8F","dashboard_bottom_nav_accounts.xml"
"dashboard_home_noop.png","2026-10-03T09:29:22.3004156-05:00","252849","4BF70BFEF769F67AF87D7450438BD02C58B683D72E1EEFB653C0841CA5C947E1","dashboard_home_noop.xml"
"dashboard_lower_tap_returned_settings.png","2026-10-03T09:15:00.0258460-05:00","192147","0E16792433C03DAB3EF0D9C26460DB3672E80EE834DE257E79FE9B85CBE4A7D5","dashboard_lower_tap_returned_settings.xml"
"detail_back_collapsed.png","2026-10-03T09:20:10.5576830-05:00","174645","36562E891204776437873B11EA6BFAB5EDDD54E380248FB18009810435BC2CF4","detail_back_collapsed.xml"
"final_history_restored.png","2026-10-03T09:48:43.1768979-05:00","157320","477917E36B5A3113D9C8D74CF34DF3B276554C08680E4E3D02704A36454676FE","final_history_restored.xml"
"history_font_130_light.png","2026-10-03T09:18:59.6822161-05:00","184959","A89D771C181701939D2711AA6573326913F047DDEC2EFD149B0C70C28A39C047","history_font_130_light.xml"
"history_font_restored.png","2026-10-03T09:19:34.4473877-05:00","155057","6F98E5F94790A41BE15B5384C9700F19C271930D3773B922752C3B78F2D9D37D","history_font_restored.xml"
"history_initial_state.png","2026-10-03T09:11:53.8926114-05:00","156476","C2F9BCA4533322C213C8E109D8D10C4088C5E84B0CC6F225DFAA24CEB4112AA1","history_initial_state.xml"
"history_light.png","2026-10-03T09:17:53.8029794-05:00","154795","3DAFC4D135A7710487E57EB765D674CD66A0473A30A2816BEDED99E9E37FD472","history_light.xml"
"history_runtime_restored.png","2026-10-03T09:35:44.3795143-05:00","157510","C25F772F051C8B9EDD6E267954F73A347CB1BB9BAFC7A48AE88970863ADBE22E","history_runtime_restored.xml"
"history_search_empty.png","2026-10-03T09:20:29.5105559-05:00","112269","9321A9398DB31CC923C82FB010078E63DEFF90213DE84FB454BB784FE5D31803","history_search_empty.xml"
"instruments_create_type.png","2026-10-03T09:16:09.0071567-05:00","309163","C4B1945F5675B830AA33ED96EBFF90DAF92347470F39D6A196ADC5A9F9A005EA","instruments_create_type.xml"
"instrument_form_credit_bottom.png","2026-10-03T09:16:51.7560196-05:00","159171","2F4A28A8CA6B87F38B378C6E8A25E48859173B9962B64D7A75B282FCFF936678","instrument_form_credit_bottom.xml"
"instrument_form_credit_middle.png","2026-10-03T09:16:47.4557220-05:00","183692","D4D40B42C0395FC78F0702427CC50FBE4F6364526A914865DA3667C609441A2E","instrument_form_credit_middle.xml"
"instrument_form_credit_top.png","2026-10-03T09:16:43.1585589-05:00","305764","540B9002E502834460E28B39E821B02CA11FE71CE8C554797A3741624FC7AD08","instrument_form_credit_top.xml"
"instrument_form_debit_bottom.png","2026-10-03T09:16:27.1758863-05:00","142082","DB80E509455A6F22B47B8B4761185087580850F6A671443631DA788E56D049DA","instrument_form_debit_bottom.xml"
"instrument_form_debit_middle.png","2026-10-03T09:16:22.8229207-05:00","167025","989AEED63C16D38C89E8F5D0162C9A3CF8EC2BD90B26456E6A23AF58D9BAC69F","instrument_form_debit_middle.xml"
"quick_dismiss_state.png","2026-10-03T09:14:01.5307453-05:00","157034","447F9C9959257EE7183E1CCF30965B27CB8402944B35234CA74D1E9D0E3CF31F","quick_dismiss_state.xml"
"quick_invalid_amount_double_tap.png","2026-10-03T09:36:04.9048383-05:00","186123","79CC4190F30988E9ED2A0C68380437BD190914FA6ACA7215027B59B11A3E433B","quick_invalid_amount_double_tap.xml"
"quick_merchant_picker.png","2026-10-03T09:36:08.7506834-05:00","165953","11F6798CFF9F2DD30EDDD06307D1FF6110F03BE9DE7F8F53241D0DFAD0125AA0","quick_merchant_picker.xml"
"quick_movement_categories.png","2026-10-03T09:13:56.9448709-05:00","120002","5BD7E9EE0CCE72A977AF77A32632784DDC3CFF629C6925FFA48EDFBB2E09FED1","quick_movement_categories.xml"
"quick_movement_expense.png","2026-10-03T09:12:57.2484727-05:00","176979","61A844834430D6FE5C37F3B30417D7EB645E8CAAF6900B4A299645DEF369DE70","quick_movement_expense.xml"
"quick_movement_font_130_keyboard.png","2026-10-03T09:19:29.7157943-05:00","159485","FB081392C6513B9FA1843ED847CDFD9ED9BAF1E44826737C982D800D05AB0B51","quick_movement_font_130_keyboard.xml"
"quick_movement_font_130_light.png","2026-10-03T09:19:14.3601651-05:00","194833","1FBFB9FA5932B6EF54ABE1EE3C2C3147807E22DD1F6A32CC713204207ECB201F","quick_movement_font_130_light.xml"
"quick_movement_income.png","2026-10-03T09:47:32.7171474-05:00","176046","7EF2DCE04D8F0F298D3C76175BFFB3F366E01F389CBDE18FB7E66FB0F0AC5BD8","quick_movement_income.xml"
"quick_movement_income_settled.png","2026-10-03T09:47:46.4092087-05:00","176060","016114168E4E5CB90BAACFBA12D91924574ACCBA1A2D75C9106063BA87400A46","quick_movement_income_settled.xml"
"quick_movement_keyboard.png","2026-10-03T09:13:16.8911766-05:00","149404","D12105D492581BD32F3ED3CCD4B07AA40C0AC24CB1289638E85B40CF86B4BB5C","quick_movement_keyboard.xml"
"quick_movement_transfer.png","2026-10-03T09:13:20.9404397-05:00","163883","E5427B105EF7C9CEDC0C820B3E935D45A06F822E219734CB8DCC6FFCC448C549","quick_movement_transfer.xml"
"quick_transfer_destination.png","2026-10-03T09:13:34.7753776-05:00","120830","C0BFBAA01A1CD9B9072897232D8CDF1BB09FFC8EA7F9C2695F042AB820A89881","quick_transfer_destination.xml"
"quick_validation_before.png","2026-10-03T09:35:49.6102270-05:00","178387","57414615CA8ADD5375041C83C3E3B18DF217375FFF33B3AFB9178EACB64AA512","quick_validation_before.xml"
"settings_light.png","2026-10-03T09:17:33.3177275-05:00","196874","FC55E1F4DB79982250B2510E3551CC13F132C7B06C9D2990889B3108F1D87D6A","settings_light.xml"
"settings_navigation.png","2026-10-03T09:14:16.2254795-05:00","190529","B6CE2AEDFDD255ADE4DC19E49D73449B7EF8797F8A42D73479960155AE57D773","settings_navigation.xml"
"settings_navigation_bottom.png","2026-10-03T09:14:20.4355879-05:00","192147","0E16792433C03DAB3EF0D9C26460DB3672E80EE834DE257E79FE9B85CBE4A7D5","settings_navigation_bottom.xml"
"settings_restore_position.png","2026-10-03T09:20:52.5651668-05:00","192321","CB58D73B1684ED74ED1617E05028313C73F035E2472B68AA6C2ED2202EB99570","settings_restore_position.xml"
"settings_theme_original.png","2026-10-03T09:17:29.4973689-05:00","190485","5FE116E5E38603863BEDEC76F3E086A6D9C723C0D80C8B37D86BF75B02630283","settings_theme_original.xml"
"system_light_app_dark.png","2026-10-03T09:17:10.0728687-05:00","245050","8F25B99750AFB31CB24419A83813AD5323E92D448D125733FD141E57439FEDCD","system_light_app_dark.xml"
"voided_movement_detail_expanded.png","2026-10-03T09:20:06.4199497-05:00","171843","BA67FAD4FCE75F24AA8605EE5D77A8C9F8DBAEC9ABE98D08A2F49C76FEDA5A68","voided_movement_detail_expanded.xml"
"voided_movement_detail_light.png","2026-10-03T09:19:48.9427807-05:00","173488","539068E85301887C039998B210A0A9B8CFFB318F6E68302987E27201E52CE219","voided_movement_detail_light.xml"
